node_name,texture,prop_id,collision,grid_x,grid_y,world_x,world_y
Misc_type1_var1_n,Misc/Type_1_Variation_1_North,,no,45.11,15.37,14.869,14.9993
Misc_type1_var5_e,Misc/Type_1_Variation_5_East,,no,51.9,-2.53,27.2154,12.2451
Misc_type1_var6_e,Misc/Type_1_Variation_6_East,,no,84.48,39.48,22.498,30.7451
Misc_type1_var9_w,Misc/Type_1_Variation_9_West,,no,79.03,40.18,19.4236,29.5685
Misc_type1_var9_w_2,Misc/Type_1_Variation_9_West,,no,79.02,36.93,21.0432,28.7587
Misc_type2_var15_e,Misc/Type_2_Variation_15_East,,no,79.39,29.89,24.753,27.1039
Misc_type2_var17_e,Misc/Type_2_Variation_17_East,,no,84.29,33.72,25.2886,29.2707
Misc_type2_var22_w,Misc/Type_2_Variation_22_West,,no,54.14,-3.81,28.9739,12.4821
Misc_type2_var23_w,Misc/Type_2_Variation_23_West,,no,85.26,29.29,27.9801,28.412
Misc_type2_var30_n,Misc/Type_2_Variation_30_North,,no,45.43,-2.51,23.9679,10.6464
Misc_type2_var39_e,Misc/Type_2_Variation_39_East,,no,74.04,37.04,18.5,27.5519
Misc_type2_var43_n,Misc/Type_2_Variation_43_North,,no,45.74,16.51,14.6116,15.4394
Misc_type2_var44_n,Misc/Type_2_Variation_44_North,,no,47.11,15.04,16.0329,15.4158
Misc_type2_var45_n,Misc/Type_2_Variation_45_North,,no,76.43,73.74,1.3491,37.2471
Misc_type2_var45_n_2,Misc/Type_2_Variation_45_North,,no,79.49,73.87,2.8113,38.0384
Misc_type2_var47_n,Misc/Type_2_Variation_47_North,,no,74.39,39.28,17.5543,28.1935
Misc_type2_var50_s,Misc/Type_2_Variation_50_South,,no,84.19,36.22,23.9856,29.8663
Misc_type2_var55_w,Misc/Type_2_Variation_55_West,,no,79.85,80.26,-0.2032,39.7108
Misc_type2_var56_s,Misc/Type_2_Variation_56_South,,no,79.14,69.89,4.6222,36.9637
Misc_type2_var58_s,Misc/Type_2_Variation_58_South,,no,46.5,64.42,-8.9628,27.5124
Misc_type2_var59_e,Misc/Type_2_Variation_59_East,,no,44.23,0.4,21.9137,11.0706
Misc_type3_var13_w,Misc/Type_3_Variation_13_West,,no,48.82,-2.44,25.6276,11.5033
Misc_type4_var4_e,Misc/Type_4_Variation_4_East,,no,80.12,32.7,23.7109,27.9831
Misc_type5_var2_s,Misc/Type_5_Variation_2_South,,no,70.19,59.86,5.1624,32.2565
Misc_type5_var3_w,Misc/Type_5_Variation_3_West,,no,53.09,22.4,15.3452,18.7249
Misc_type5_var4_w,Misc/Type_5_Variation_4_West,,no,70.23,58.1,6.0658,31.8291
Misc_type5_var5_n,Misc/Type_5_Variation_5_North,,no,70.34,62.26,4.0404,32.8873
Misc_type5_var5_w,Misc/Type_5_Variation_5_West,,no,70.21,61.09,4.5598,32.5643
Misc_type5_var6_s,Misc/Type_5_Variation_6_South,,no,70.39,76.22,-2.9183,36.3645
Tree_type1_var1_e,Tree/Type_1_Variation_1_East,,no,50.08,32.69,8.6977,20.5296
Tree_type1_var1_e_2,Tree/Type_1_Variation_1_East,,no,68.64,47.99,10.3219,28.9273
Tree_type1_var1_n,Tree/Type_1_Variation_1_North,,no,4.77,19.15,-7.1884,5.9344
Tree_type1_var1_n_2,Tree/Type_1_Variation_1_North,,no,7.32,46.81,-19.7418,13.4263
Tree_type1_var1_n_3,Tree/Type_1_Variation_1_North,,no,66.96,16.41,25.2756,20.6805
Tree_type1_var1_s,Tree/Type_1_Variation_1_South,,no,51.14,45.62,2.7578,24.0006
Tree_type1_var1_s_2,Tree/Type_1_Variation_1_South,,no,4.31,26.63,-11.1603,7.6722
Tree_type1_var1_w,Tree/Type_1_Variation_1_West,,no,28.52,68.25,-19.8664,24.0019
Tree_type1_var2_e,Tree/Type_1_Variation_2_East,,no,66.76,26.61,20.0718,23.1591
Tree_type1_var2_w,Tree/Type_1_Variation_2_West,,no,14.76,52.94,-19.0898,16.7905
Tree_type1_var3_e,Tree/Type_1_Variation_3_East,,no,32.42,57.84,-12.7077,22.3881
Tree_type1_var3_e_2,Tree/Type_1_Variation_3_East,,no,5.9,11.92,-3.0089,4.4209
Tree_type1_var3_e_3,Tree/Type_1_Variation_3_East,,no,32.45,26.67,2.8923,14.6625
Tree_type1_var3_e_4,Tree/Type_1_Variation_3_East,,no,63.2,79.94,-8.3732,35.5039
Tree_type1_var3_n,Tree/Type_1_Variation_3_North,,no,38.35,3.39,17.4771,10.3531
Tree_type1_var3_n_2,Tree/Type_1_Variation_3_North,,no,26.68,26.98,-0.1504,13.3102
Tree_type1_var3_w,Tree/Type_1_Variation_3_West,,no,78.64,53.94,12.3477,32.8845
Tree_type1_var4_n,Tree/Type_1_Variation_4_North,,no,36.78,9.82,13.4792,11.5593
Tree_type1_var4_s,Tree/Type_1_Variation_4_South,,no,20.06,15.54,2.2575,8.8303
Tree_type1_var4_s_2,Tree/Type_1_Variation_4_South,,no,12.24,47.96,-17.863,14.9315
Tree_type1_var4_s_3,Tree/Type_1_Variation_4_South,,no,72.83,75.31,-1.2384,36.7446
Tree_type1_var4_s_4,Tree/Type_1_Variation_4_South,,no,38.34,8.36,14.9903,11.5854
Tree_type1_var4_w,Tree/Type_1_Variation_4_West,,no,35.56,7.75,13.9081,10.7426
Tree_type1_var4_w_2,Tree/Type_1_Variation_4_West,,no,36.52,53.82,-8.6472,22.4061
Tree_type2_var1_e,Tree/Type_2_Variation_1_East,,no,43.96,73.76,-14.897,29.1986
Tree_type2_var1_e_2,Tree/Type_2_Variation_1_East,,no,62.74,20.89,20.922,20.742
Tree_type2_var1_e_3,Tree/Type_2_Variation_1_East,,no,71.69,52.76,9.467,30.8687
Tree_type2_var1_n,Tree/Type_2_Variation_1_North,,no,31.8,76.31,-22.2556,26.8163
Tree_type2_var1_n_2,Tree/Type_2_Variation_1_North,,no,75.04,66.1,4.4719,35.0067
Tree_type2_var1_n_3,Tree/Type_2_Variation_1_North,,no,62.97,16.23,23.371,19.6445
Tree_type2_var1_s,Tree/Type_2_Variation_1_South,,no,50.25,73.57,-11.6602,30.7105
Tree_type2_var1_s_2,Tree/Type_2_Variation_1_South,,no,10.85,10.84,0.0062,5.3807
Tree_type2_var1_w,Tree/Type_2_Variation_1_West,,no,11.93,38.28,-13.1736,12.4533
Tree_type2_var2_e,Tree/Type_2_Variation_2_East,,no,35.64,71.91,-18.134,26.6751
Tree_type2_var2_n,Tree/Type_2_Variation_2_North,,no,78.76,65.43,6.6696,35.7635
Tree_type2_var2_s,Tree/Type_2_Variation_2_South,,no,41.95,2.31,19.8225,10.9788
Tree_type2_var2_s_2,Tree/Type_2_Variation_2_South,,no,34.02,70.92,-18.4501,26.026
Tree_type2_var2_w,Tree/Type_2_Variation_2_West,,no,28.7,10.57,9.065,9.7418
Tree_type2_var2_w_2,Tree/Type_2_Variation_2_West,,no,47.47,59.74,-6.133,26.5902
Tree_type2_var2_w_3,Tree/Type_2_Variation_2_West,,no,22.62,10.54,6.0408,8.2248
Tree_type2_var3_e,Tree/Type_2_Variation_3_East,,no,42.12,18.34,11.8904,14.9954
Tree_type2_var3_e_2,Tree/Type_2_Variation_3_East,,no,33.68,36.87,-1.5917,17.4983
Tree_type2_var3_e_3,Tree/Type_2_Variation_3_East,,no,34.39,6.12,14.1332,10.047
Tree_type2_var3_n,Tree/Type_2_Variation_3_North,,no,11.81,23.68,-5.9322,8.8033
Tree_type2_var3_s,Tree/Type_2_Variation_3_South,,no,60.09,23.54,18.2766,20.7412
Tree_type2_var4_e,Tree/Type_2_Variation_4_East,,no,79.38,42.07,18.6536,30.1249
Tree_type2_var4_s,Tree/Type_2_Variation_4_South,,no,12.99,27.17,-7.0902,9.9597
Tree_type2_var4_s_2,Tree/Type_2_Variation_4_South,,no,6.92,35.51,-14.296,10.5241
Tree_type2_var4_s_3,Tree/Type_2_Variation_4_South,,no,70.34,44.98,12.6795,28.6041
Tree_type2_var4_w,Tree/Type_2_Variation_4_West,,no,61.67,70.63,-4.4821,32.8144
Tree_type2_var5_e,Tree/Type_2_Variation_5_East,,no,35.18,63.3,-14.0588,24.4275
Tree_type2_var5_n,Tree/Type_2_Variation_5_North,,no,65.89,79.24,-6.6741,35.9981
Tree_type4_var1_e,Tree/Type_4_Variation_1_East,,no,62.95,59.01,1.9706,30.2495
Tree_type4_var1_e_2,Tree/Type_4_Variation_1_East,,no,56.05,74.72,-9.3354,32.4358
Tree_type4_var1_e_3,Tree/Type_4_Variation_1_East,,no,16.81,27.02,-5.1042,10.8699
Tree_type4_var1_n,Tree/Type_4_Variation_1_North,,no,68.37,22.61,22.8795,22.5643
Tree_type4_var1_n_2,Tree/Type_4_Variation_1_North,,no,33.56,75.02,-20.7347,26.9314
Tree_type4_var1_s,Tree/Type_4_Variation_1_South,,no,68.18,76.05,-3.9386,35.7731
Tree_type4_var1_s_2,Tree/Type_4_Variation_1_South,,no,70.18,38.5,15.8381,26.9552
Tree_type4_var1_s_3,Tree/Type_4_Variation_1_South,,no,56.25,76.71,-10.2324,32.979
Tree_type4_var1_s_4,Tree/Type_4_Variation_1_South,,no,65.1,29.35,17.8728,23.4263
Tree_type4_var1_s_5,Tree/Type_4_Variation_1_South,,no,71.08,40.72,15.1806,27.7281
Tree_type4_var1_s_6,Tree/Type_4_Variation_1_South,,no,18.1,39.88,-10.8907,14.3829
Tree_type4_var1_w,Tree/Type_4_Variation_1_West,,no,34.64,19.31,7.6635,13.3802
Tree_type4_var1_w_2,Tree/Type_4_Variation_1_West,,no,46.04,35.63,5.2025,20.2576
Tree_type4_var2_e,Tree/Type_4_Variation_2_East,,no,76.68,80.24,-1.7804,38.9224
Tree_type4_var2_s,Tree/Type_4_Variation_2_South,,no,57.58,75.27,-8.844,32.9492
Tree_type4_var2_w,Tree/Type_4_Variation_2_West,,no,44.66,17.28,13.6896,15.3637
Tree_type4_var2_w_2,Tree/Type_4_Variation_2_West,,no,66.8,6.59,30.1049,18.2036
Tree_type4_var3_e,Tree/Type_4_Variation_3_East,,no,55.65,19.3,18.1722,18.5896
Tree_type4_var3_e_2,Tree/Type_4_Variation_3_East,,no,5.3,39.7,-17.1981,11.1618
Tree_type4_var3_n,Tree/Type_4_Variation_3_North,,no,13.73,68.32,-27.2927,20.3515
Tree_type4_var3_n_2,Tree/Type_4_Variation_3_North,,no,66.23,36.14,15.0433,25.3895
Tree_type4_var3_s,Tree/Type_4_Variation_3_South,,no,72.46,13.38,29.5408,21.2904
Tree_type4_var3_w,Tree/Type_4_Variation_3_West,,no,79.55,26.04,26.7556,26.1902
Tree_type4_var3_w_2,Tree/Type_4_Variation_3_West,,no,63.25,31.43,15.9078,23.485
Tree_type5_var1_n,Tree/Type_5_Variation_1_North,,no,43.07,12.1,15.4825,13.6838
Tree_type5_var1_n_2,Tree/Type_5_Variation_1_North,,no,38.36,69.21,-15.4226,26.6817
Tree_type5_var1_n_3,Tree/Type_5_Variation_1_North,,no,46.15,69.84,-11.8431,28.7687
Tree_type5_var1_w,Tree/Type_5_Variation_1_West,,no,14.78,75.88,-30.5502,22.4871
Tree_type5_var1_w_2,Tree/Type_5_Variation_1_West,,no,55.96,71.29,-7.6621,31.5618
Tree_type5_var2_e,Tree/Type_5_Variation_2_East,,no,53.87,52.64,0.6161,26.4176
Tree_type5_var2_s,Tree/Type_5_Variation_2_South,,no,38.6,13.3,12.6498,12.8746
Tree_type5_var2_s_2,Tree/Type_5_Variation_2_South,,no,51.34,63.32,-5.9901,28.4389
Tree_type5_var2_s_3,Tree/Type_5_Variation_2_South,,no,12.39,57.32,-22.4641,17.29
Tree_type5_var2_w,Tree/Type_5_Variation_2_West,,no,8.17,17.41,-4.6214,6.3437
Tree_type5_var3_e,Tree/Type_5_Variation_3_East,,no,80.83,65.03,7.8997,36.1794
Tree_type5_var3_e_2,Tree/Type_5_Variation_3_East,,no,50.57,70.62,-10.0233,30.0593
Tree_type5_var3_e_3,Tree/Type_5_Variation_3_East,,no,36.86,14.83,11.0139,12.8221
Tree_type5_var3_e_4,Tree/Type_5_Variation_3_East,,no,50.52,9.65,20.4331,14.923
Tree_type5_var3_n,Tree/Type_5_Variation_3_North,,no,80.52,61.24,9.6405,35.1618
Tree_type5_var3_n_2,Tree/Type_5_Variation_3_North,,no,56.32,69.55,-6.6133,31.2189
Tree_type5_var3_n_3,Tree/Type_5_Variation_3_North,,no,56.53,14.34,21.092,17.578
Tree_type5_var4_e,Tree/Type_5_Variation_4_East,,no,17.35,32.34,-7.4921,12.3244
Tree_type5_var4_s,Tree/Type_5_Variation_4_South,,no,26.4,58.57,-16.0832,21.0759
Tree_type5_var4_s_2,Tree/Type_5_Variation_4_South,,no,76.76,19.94,28.409,23.9856
Tree_type5_var4_w,Tree/Type_5_Variation_4_West,,no,25.35,18.88,3.2356,10.9726
Tree_type5_var5_e,Tree/Type_5_Variation_5_East,,no,77.49,33.54,21.9747,27.5376
Tree_type5_var5_n,Tree/Type_5_Variation_5_North,,no,45.19,54.2,-4.5091,24.6522
Tree_type5_var5_n_2,Tree/Type_5_Variation_5_North,,no,49.39,12.42,18.4842,15.3308
Tree_type5_var5_s,Tree/Type_5_Variation_5_South,,no,75.29,60.26,7.5167,33.6191
Tree_type5_var5_w,Tree/Type_5_Variation_5_West,,no,70.87,70.92,-0.0252,35.17
Tree_type5_var5_w_2,Tree/Type_5_Variation_5_West,,no,53.74,39.53,7.1046,23.1361
Tree_type5_var5_w_3,Tree/Type_5_Variation_5_West,,no,71.39,29.26,21.0671,24.9637
Misc_type2_var11_e,Misc/Type_2_Variation_11_East,misc_b11_e,yes,70.64,25.51,22.5655,23.8498
Misc_type2_var12_e,Misc/Type_2_Variation_12_East,misc_b12_e,yes,76.97,37.61,19.6785,28.4185
Misc_type2_var1_e,Misc/Type_2_Variation_1_East,misc_b1_e,yes,71.76,35.09,18.3376,26.5022
Misc_type2_var1_e_2,Misc/Type_2_Variation_1_East,misc_b1_e,yes,70.01,31.03,19.4935,25.0605
Misc_type2_var20_e,Misc/Type_2_Variation_20_East,misc_b20_e,yes,76.06,37.52,19.2701,28.1732
Misc_type2_var25_e,Misc/Type_2_Variation_25_East,misc_b25_e,yes,75.56,26.92,24.3208,25.4181
Misc_type2_var2_e,Misc/Type_2_Variation_2_East,misc_b2_e,yes,47.77,16.03,15.869,15.823
Misc_type2_var5_e,Misc/Type_2_Variation_5_East,misc_b5_e,yes,42.5,70.13,-13.8143,27.9348
Misc_type2_var5_e_2,Misc/Type_2_Variation_5_East,misc_b5_e,yes,71.19,56.5,7.3439,31.6702
Misc_type2_var8_e,Misc/Type_2_Variation_8_East,misc_b8_e,yes,17.07,45.02,-13.9727,15.4001
Misc_type2_var8_e_2,Misc/Type_2_Variation_8_East,misc_b8_e,yes,51.2,66.27,-7.537,29.1359
Misc_type2_var8_e_3,Misc/Type_2_Variation_8_East,misc_b8_e,yes,74.56,31.45,21.5558,26.2958
Wall_type2_var1_e_bl_1,Wall/Type_2_Variation_1_East,wall_b1_e,yes,78.45,80.57,-1.0615,39.4421
Wall_type2_var1_e_bl_11,Wall/Type_2_Variation_1_East,wall_b1_e,yes,64.89,80.57,-7.8412,36.079
Wall_type2_var1_e_bl_13,Wall/Type_2_Variation_1_East,wall_b1_e,yes,62.18,80.57,-9.1971,35.4064
Wall_type2_var1_e_bl_15,Wall/Type_2_Variation_1_East,wall_b1_e,yes,59.47,80.57,-10.553,34.7337
Wall_type2_var1_e_bl_17,Wall/Type_2_Variation_1_East,wall_b1_e,yes,56.75,80.57,-11.909,34.0611
Wall_type2_var1_e_bl_19,Wall/Type_2_Variation_1_East,wall_b1_e,yes,54.04,80.57,-13.2649,33.3885
Wall_type2_var1_e_bl_21,Wall/Type_2_Variation_1_East,wall_b1_e,yes,51.33,80.57,-14.6208,32.7159
Wall_type2_var1_e_bl_23,Wall/Type_2_Variation_1_East,wall_b1_e,yes,48.62,80.57,-15.9768,32.0432
Wall_type2_var1_e_bl_25,Wall/Type_2_Variation_1_East,wall_b1_e,yes,45.91,80.57,-17.3327,31.3706
Wall_type2_var1_e_bl_27,Wall/Type_2_Variation_1_East,wall_b1_e,yes,43.19,80.57,-18.6886,30.698
Wall_type2_var1_e_bl_29,Wall/Type_2_Variation_1_East,wall_b1_e,yes,40.48,80.57,-20.0446,30.0253
Wall_type2_var1_e_bl_3,Wall/Type_2_Variation_1_East,wall_b1_e,yes,75.74,80.57,-2.4174,38.7695
Wall_type2_var1_e_bl_31,Wall/Type_2_Variation_1_East,wall_b1_e,yes,37.77,80.57,-21.4005,29.3527
Wall_type2_var1_e_bl_33,Wall/Type_2_Variation_1_East,wall_b1_e,yes,35.06,80.57,-22.7564,28.6801
Wall_type2_var1_e_bl_35,Wall/Type_2_Variation_1_East,wall_b1_e,yes,32.35,80.57,-24.1124,28.0075
Wall_type2_var1_e_bl_37,Wall/Type_2_Variation_1_East,wall_b1_e,yes,29.64,80.57,-25.4683,27.3348
Wall_type2_var1_e_bl_39,Wall/Type_2_Variation_1_East,wall_b1_e,yes,26.92,80.57,-26.8242,26.6622
Wall_type2_var1_e_bl_41,Wall/Type_2_Variation_1_East,wall_b1_e,yes,24.21,80.57,-28.1801,25.9896
Wall_type2_var1_e_bl_43,Wall/Type_2_Variation_1_East,wall_b1_e,yes,21.5,80.57,-29.5361,25.3169
Wall_type2_var1_e_bl_45,Wall/Type_2_Variation_1_East,wall_b1_e,yes,18.79,80.57,-30.892,24.6443
Wall_type2_var1_e_bl_47,Wall/Type_2_Variation_1_East,wall_b1_e,yes,16.08,80.57,-32.2479,23.9717
Wall_type2_var1_e_bl_49,Wall/Type_2_Variation_1_East,wall_b1_e,yes,13.36,80.57,-33.6039,23.2991
Wall_type2_var1_e_bl_5,Wall/Type_2_Variation_1_East,wall_b1_e,yes,73.03,80.57,-3.7734,38.0969
Wall_type2_var1_e_bl_51,Wall/Type_2_Variation_1_East,wall_b1_e,yes,10.65,80.57,-34.9598,22.6264
Wall_type2_var1_e_bl_53,Wall/Type_2_Variation_1_East,wall_b1_e,yes,7.94,80.57,-36.3157,21.9538
Wall_type2_var1_e_bl_55,Wall/Type_2_Variation_1_East,wall_b1_e,yes,5.23,80.57,-37.6717,21.2812
Wall_type2_var1_e_bl_57,Wall/Type_2_Variation_1_East,wall_b1_e,yes,2.52,80.57,-39.0276,20.6086
Wall_type2_var1_e_bl_7,Wall/Type_2_Variation_1_East,wall_b1_e,yes,70.31,80.57,-5.1293,37.4243
Wall_type2_var1_e_bl_9,Wall/Type_2_Variation_1_East,wall_b1_e,yes,67.6,80.57,-6.4852,36.7516
Wall_type2_var1_e_in_e_n_0,Wall/Type_2_Variation_1_East,wall_b1_e,yes,56.14,47.17,4.4833,25.6229
Wall_type2_var1_e_in_e_n_2,Wall/Type_2_Variation_1_East,wall_b1_e,yes,59.21,47.28,5.9649,26.4115
Wall_type2_var1_e_in_e_n_4,Wall/Type_2_Variation_1_East,wall_b1_e,yes,77.91,28.21,24.8501,26.3205
Wall_type2_var1_e_in_e_n_6,Wall/Type_2_Variation_1_East,wall_b1_e,yes,77.0,36.52,20.2418,28.1566
Wall_type2_var1_e_in_e_n_8,Wall/Type_2_Variation_1_East,wall_b1_e,yes,79.7,36.5,21.5991,28.8221
Wall_type2_var1_e_in_s_1,Wall/Type_2_Variation_1_East,wall_b1_e,yes,56.84,71.58,-7.3707,31.854
Wall_type2_var1_e_in_s_3,Wall/Type_2_Variation_1_East,wall_b1_e,yes,44.55,71.68,-13.5683,28.828
Wall_type2_var1_e_in_s_5,Wall/Type_2_Variation_1_East,wall_b1_e,yes,47.27,71.68,-12.2048,29.5046
Wall_type2_var1_e_in_s_7,Wall/Type_2_Variation_1_East,wall_b1_e,yes,50.0,71.68,-10.8412,30.1811
Wall_type2_var1_e_in_s_9,Wall/Type_2_Variation_1_East,wall_b1_e,yes,52.62,71.57,-9.4775,30.8042
Wall_type2_var1_e_in_w_n_0,Wall/Type_2_Variation_1_East,wall_b1_e,yes,8.51,27.93,-9.7112,9.0371
Wall_type2_var1_e_in_w_n_2,Wall/Type_2_Variation_1_East,wall_b1_e,yes,11.17,27.93,-8.3779,9.6985
Wall_type2_var1_e_in_w_n_4,Wall/Type_2_Variation_1_East,wall_b1_e,yes,1.14,27.55,-13.2057,7.1181
Wall_type2_var1_e_in_w_n_6,Wall/Type_2_Variation_1_East,wall_b1_e,yes,4.23,27.79,-11.7828,7.9409
Wall_type2_var1_e_in_w_n_8,Wall/Type_2_Variation_1_East,wall_b1_e,yes,6.89,27.79,-10.4495,8.6021
Wall_type2_var1_e_tr_0,Wall/Type_2_Variation_1_East,wall_b1_e,yes,1.16,0.57,0.2944,0.4297
Wall_type2_var1_e_tr_10,Wall/Type_2_Variation_1_East,wall_b1_e,yes,14.72,0.57,7.0741,3.7929
Wall_type2_var1_e_tr_12,Wall/Type_2_Variation_1_East,wall_b1_e,yes,17.43,0.57,8.43,4.4655
Wall_type2_var1_e_tr_14,Wall/Type_2_Variation_1_East,wall_b1_e,yes,20.14,0.57,9.7859,5.1381
Wall_type2_var1_e_tr_16,Wall/Type_2_Variation_1_East,wall_b1_e,yes,22.86,0.57,11.1419,5.8107
Wall_type2_var1_e_tr_18,Wall/Type_2_Variation_1_East,wall_b1_e,yes,25.57,0.57,12.4978,6.4834
Wall_type2_var1_e_tr_2,Wall/Type_2_Variation_1_East,wall_b1_e,yes,3.87,0.57,1.6504,1.1023
Wall_type2_var1_e_tr_20,Wall/Type_2_Variation_1_East,wall_b1_e,yes,28.28,0.57,13.8538,7.156
Wall_type2_var1_e_tr_22,Wall/Type_2_Variation_1_East,wall_b1_e,yes,30.99,0.57,15.2097,7.8286
Wall_type2_var1_e_tr_24,Wall/Type_2_Variation_1_East,wall_b1_e,yes,33.7,0.57,16.5656,8.5012
Wall_type2_var1_e_tr_26,Wall/Type_2_Variation_1_East,wall_b1_e,yes,36.41,0.57,17.9215,9.1739
Wall_type2_var1_e_tr_28,Wall/Type_2_Variation_1_East,wall_b1_e,yes,39.13,0.57,19.2775,9.8465
Wall_type2_var1_e_tr_30,Wall/Type_2_Variation_1_East,wall_b1_e,yes,41.84,0.57,20.6334,10.5191
Wall_type2_var1_e_tr_32,Wall/Type_2_Variation_1_East,wall_b1_e,yes,44.55,0.57,21.9893,11.1918
Wall_type2_var1_e_tr_34,Wall/Type_2_Variation_1_East,wall_b1_e,yes,47.26,0.57,23.3453,11.8644
Wall_type2_var1_e_tr_36,Wall/Type_2_Variation_1_East,wall_b1_e,yes,49.97,0.57,24.7012,12.537
Wall_type2_var1_e_tr_38,Wall/Type_2_Variation_1_East,wall_b1_e,yes,52.69,0.57,26.0571,13.2096
Wall_type2_var1_e_tr_4,Wall/Type_2_Variation_1_East,wall_b1_e,yes,6.58,0.57,3.0063,1.775
Wall_type2_var1_e_tr_40,Wall/Type_2_Variation_1_East,wall_b1_e,yes,55.4,0.57,27.4131,13.8823
Wall_type2_var1_e_tr_42,Wall/Type_2_Variation_1_East,wall_b1_e,yes,58.11,0.57,28.769,14.5549
Wall_type2_var1_e_tr_44,Wall/Type_2_Variation_1_East,wall_b1_e,yes,60.82,0.57,30.1249,15.2275
Wall_type2_var1_e_tr_46,Wall/Type_2_Variation_1_East,wall_b1_e,yes,63.53,0.57,31.4809,15.9002
Wall_type2_var1_e_tr_48,Wall/Type_2_Variation_1_East,wall_b1_e,yes,66.25,0.57,32.8368,16.5728
Wall_type2_var1_e_tr_50,Wall/Type_2_Variation_1_East,wall_b1_e,yes,68.96,0.57,34.1927,17.2454
Wall_type2_var1_e_tr_52,Wall/Type_2_Variation_1_East,wall_b1_e,yes,71.67,0.57,35.5487,17.918
Wall_type2_var1_e_tr_54,Wall/Type_2_Variation_1_East,wall_b1_e,yes,74.38,0.57,36.9046,18.5907
Wall_type2_var1_e_tr_56,Wall/Type_2_Variation_1_East,wall_b1_e,yes,77.09,0.57,38.2605,19.2633
Wall_type2_var1_e_tr_58,Wall/Type_2_Variation_1_East,wall_b1_e,yes,79.8,0.57,39.6165,19.9359
Wall_type2_var1_e_tr_6,Wall/Type_2_Variation_1_East,wall_b1_e,yes,9.3,0.57,4.3622,2.4476
Wall_type2_var1_e_tr_8,Wall/Type_2_Variation_1_East,wall_b1_e,yes,12.01,0.57,5.7182,3.1202
Wall_type2_var1_n_br_1,Wall/Type_2_Variation_1_North,wall_b1_n,yes,80.43,2.59,38.9174,20.5924
Wall_type2_var1_n_br_11,Wall/Type_2_Variation_1_North,wall_b1_n,yes,80.43,16.15,32.1377,23.9555
Wall_type2_var1_n_br_13,Wall/Type_2_Variation_1_North,wall_b1_n,yes,80.43,18.87,30.7818,24.6282
Wall_type2_var1_n_br_15,Wall/Type_2_Variation_1_North,wall_b1_n,yes,80.43,21.58,29.4259,25.3008
Wall_type2_var1_n_br_17,Wall/Type_2_Variation_1_North,wall_b1_n,yes,80.43,24.29,28.0699,25.9734
Wall_type2_var1_n_br_19,Wall/Type_2_Variation_1_North,wall_b1_n,yes,80.43,27.0,26.714,26.6461
Wall_type2_var1_n_br_21,Wall/Type_2_Variation_1_North,wall_b1_n,yes,80.43,29.71,25.3581,27.3187
Wall_type2_var1_n_br_23,Wall/Type_2_Variation_1_North,wall_b1_n,yes,80.43,32.42,24.0021,27.9913
Wall_type2_var1_n_br_25,Wall/Type_2_Variation_1_North,wall_b1_n,yes,80.43,35.14,22.6462,28.6639
Wall_type2_var1_n_br_27,Wall/Type_2_Variation_1_North,wall_b1_n,yes,80.43,37.85,21.2903,29.3366
Wall_type2_var1_n_br_29,Wall/Type_2_Variation_1_North,wall_b1_n,yes,80.43,40.56,19.9343,30.0092
Wall_type2_var1_n_br_3,Wall/Type_2_Variation_1_North,wall_b1_n,yes,80.43,5.31,37.5615,21.265
Wall_type2_var1_n_br_31,Wall/Type_2_Variation_1_North,wall_b1_n,yes,80.43,43.27,18.5784,30.6818
Wall_type2_var1_n_br_33,Wall/Type_2_Variation_1_North,wall_b1_n,yes,80.43,45.98,17.2225,31.3544
Wall_type2_var1_n_br_35,Wall/Type_2_Variation_1_North,wall_b1_n,yes,80.43,48.7,15.8665,32.0271
Wall_type2_var1_n_br_37,Wall/Type_2_Variation_1_North,wall_b1_n,yes,80.43,51.41,14.5106,32.6997
Wall_type2_var1_n_br_39,Wall/Type_2_Variation_1_North,wall_b1_n,yes,80.43,54.12,13.1547,33.3723
Wall_type2_var1_n_br_41,Wall/Type_2_Variation_1_North,wall_b1_n,yes,80.43,56.83,11.7987,34.045
Wall_type2_var1_n_br_43,Wall/Type_2_Variation_1_North,wall_b1_n,yes,80.43,59.54,10.4428,34.7176
Wall_type2_var1_n_br_45,Wall/Type_2_Variation_1_North,wall_b1_n,yes,80.43,62.26,9.0869,35.3902
Wall_type2_var1_n_br_47,Wall/Type_2_Variation_1_North,wall_b1_n,yes,80.43,64.97,7.7309,36.0628
Wall_type2_var1_n_br_49,Wall/Type_2_Variation_1_North,wall_b1_n,yes,80.43,67.68,6.375,36.7355
Wall_type2_var1_n_br_5,Wall/Type_2_Variation_1_North,wall_b1_n,yes,80.43,8.02,36.2055,21.9377
Wall_type2_var1_n_br_51,Wall/Type_2_Variation_1_North,wall_b1_n,yes,80.43,70.39,5.0191,37.4081
Wall_type2_var1_n_br_53,Wall/Type_2_Variation_1_North,wall_b1_n,yes,80.43,73.1,3.6632,38.0807
Wall_type2_var1_n_br_55,Wall/Type_2_Variation_1_North,wall_b1_n,yes,80.43,75.81,2.3072,38.7534
Wall_type2_var1_n_br_7,Wall/Type_2_Variation_1_North,wall_b1_n,yes,80.43,10.73,34.8496,22.6103
Wall_type2_var1_n_br_9,Wall/Type_2_Variation_1_North,wall_b1_n,yes,80.43,13.44,33.4937,23.2829
Wall_type2_var1_n_in_e_v_0,Wall/Type_2_Variation_1_North,wall_b1_n,yes,67.79,48.58,9.601,28.8635
Wall_type2_var1_n_in_e_v_2,Wall/Type_2_Variation_1_North,wall_b1_n,yes,67.79,51.25,8.2677,29.5249
Wall_type2_var1_n_in_e_v_4,Wall/Type_2_Variation_1_North,wall_b1_n,yes,67.79,53.92,6.9343,30.1863
Wall_type2_var1_n_in_e_v_6,Wall/Type_2_Variation_1_North,wall_b1_n,yes,67.79,56.58,5.601,30.8477
Wall_type2_var1_n_in_e_v_8,Wall/Type_2_Variation_1_North,wall_b1_n,yes,67.79,59.25,4.2677,31.5091
Wall_type2_var1_n_in_w_v_0,Wall/Type_2_Variation_1_North,wall_b1_n,yes,7.79,59.25,-25.7323,16.6273
Wall_type2_var1_n_in_w_v_2,Wall/Type_2_Variation_1_North,wall_b1_n,yes,7.79,56.58,-24.399,15.9658
Wall_type2_var1_n_in_w_v_4,Wall/Type_2_Variation_1_North,wall_b1_n,yes,7.79,53.92,-23.0657,15.3044
Wall_type2_var1_n_in_w_v_6,Wall/Type_2_Variation_1_North,wall_b1_n,yes,7.79,51.25,-21.7323,14.643
Wall_type2_var1_n_in_w_v_8,Wall/Type_2_Variation_1_North,wall_b1_n,yes,7.79,48.58,-20.399,13.9816
Wall_type2_var1_n_lt_0,Wall/Type_2_Variation_1_North,wall_b1_n,yes,0.38,79.83,-39.7267,19.8942
Wall_type2_var1_n_lt_10,Wall/Type_2_Variation_1_North,wall_b1_n,yes,0.38,66.27,-32.947,16.531
Wall_type2_var1_n_lt_12,Wall/Type_2_Variation_1_North,wall_b1_n,yes,0.38,63.56,-31.5911,15.8584
Wall_type2_var1_n_lt_14,Wall/Type_2_Variation_1_North,wall_b1_n,yes,0.38,60.85,-30.2351,15.1858
Wall_type2_var1_n_lt_16,Wall/Type_2_Variation_1_North,wall_b1_n,yes,0.38,58.14,-28.8792,14.5132
Wall_type2_var1_n_lt_18,Wall/Type_2_Variation_1_North,wall_b1_n,yes,0.38,55.42,-27.5233,13.8405
Wall_type2_var1_n_lt_2,Wall/Type_2_Variation_1_North,wall_b1_n,yes,0.38,77.12,-38.3707,19.2215
Wall_type2_var1_n_lt_20,Wall/Type_2_Variation_1_North,wall_b1_n,yes,0.38,52.71,-26.1674,13.1679
Wall_type2_var1_n_lt_22,Wall/Type_2_Variation_1_North,wall_b1_n,yes,0.38,50.0,-24.8114,12.4953
Wall_type2_var1_n_lt_24,Wall/Type_2_Variation_1_North,wall_b1_n,yes,0.38,47.29,-23.4555,11.8226
Wall_type2_var1_n_lt_26,Wall/Type_2_Variation_1_North,wall_b1_n,yes,0.38,44.58,-22.0996,11.15
Wall_type2_var1_n_lt_28,Wall/Type_2_Variation_1_North,wall_b1_n,yes,0.38,41.86,-20.7436,10.4774
Wall_type2_var1_n_lt_30,Wall/Type_2_Variation_1_North,wall_b1_n,yes,0.38,39.15,-19.3877,9.8048
Wall_type2_var1_n_lt_32,Wall/Type_2_Variation_1_North,wall_b1_n,yes,0.38,36.44,-18.0318,9.1321
Wall_type2_var1_n_lt_34,Wall/Type_2_Variation_1_North,wall_b1_n,yes,0.38,33.73,-16.6758,8.4595
Wall_type2_var1_n_lt_36,Wall/Type_2_Variation_1_North,wall_b1_n,yes,0.38,31.02,-15.3199,7.7869
Wall_type2_var1_n_lt_38,Wall/Type_2_Variation_1_North,wall_b1_n,yes,0.38,28.31,-13.964,7.1143
Wall_type2_var1_n_lt_4,Wall/Type_2_Variation_1_North,wall_b1_n,yes,0.38,74.41,-37.0148,18.5489
Wall_type2_var1_n_lt_40,Wall/Type_2_Variation_1_North,wall_b1_n,yes,0.38,25.59,-12.608,6.4416
Wall_type2_var1_n_lt_42,Wall/Type_2_Variation_1_North,wall_b1_n,yes,0.38,22.88,-11.2521,5.769
Wall_type2_var1_n_lt_44,Wall/Type_2_Variation_1_North,wall_b1_n,yes,0.38,20.17,-9.8962,5.0964
Wall_type2_var1_n_lt_46,Wall/Type_2_Variation_1_North,wall_b1_n,yes,0.38,17.46,-8.5402,4.4237
Wall_type2_var1_n_lt_48,Wall/Type_2_Variation_1_North,wall_b1_n,yes,0.38,14.75,-7.1843,3.7511
Wall_type2_var1_n_lt_50,Wall/Type_2_Variation_1_North,wall_b1_n,yes,0.38,12.03,-5.8284,3.0785
Wall_type2_var1_n_lt_52,Wall/Type_2_Variation_1_North,wall_b1_n,yes,0.38,9.32,-4.4724,2.4059
Wall_type2_var1_n_lt_54,Wall/Type_2_Variation_1_North,wall_b1_n,yes,0.38,6.61,-3.1165,1.7332
Wall_type2_var1_n_lt_56,Wall/Type_2_Variation_1_North,wall_b1_n,yes,0.38,3.9,-1.7606,1.0606
Wall_type2_var1_n_lt_58,Wall/Type_2_Variation_1_North,wall_b1_n,yes,0.38,1.19,-0.4046,0.388
Wall_type2_var1_n_lt_6,Wall/Type_2_Variation_1_North,wall_b1_n,yes,0.38,71.7,-35.6589,17.8763
Wall_type2_var1_n_lt_8,Wall/Type_2_Variation_1_North,wall_b1_n,yes,0.38,68.98,-34.3029,17.2037
Wall_type2_var1_s_br_0,Wall/Type_2_Variation_1_South,wall_b1_s,yes,80.47,1.26,39.6016,20.2722
Wall_type2_var1_s_br_10,Wall/Type_2_Variation_1_South,wall_b1_s,yes,80.47,14.82,32.8219,23.6354
Wall_type2_var1_s_br_12,Wall/Type_2_Variation_1_South,wall_b1_s,yes,80.47,17.54,31.466,24.308
Wall_type2_var1_s_br_14,Wall/Type_2_Variation_1_South,wall_b1_s,yes,80.47,20.25,30.1101,24.9806
Wall_type2_var1_s_br_16,Wall/Type_2_Variation_1_South,wall_b1_s,yes,80.47,22.96,28.7542,25.6533
Wall_type2_var1_s_br_18,Wall/Type_2_Variation_1_South,wall_b1_s,yes,80.47,25.67,27.3982,26.3259
Wall_type2_var1_s_br_2,Wall/Type_2_Variation_1_South,wall_b1_s,yes,80.47,3.98,38.2457,20.9449
Wall_type2_var1_s_br_20,Wall/Type_2_Variation_1_South,wall_b1_s,yes,80.47,28.38,26.0423,26.9985
Wall_type2_var1_s_br_22,Wall/Type_2_Variation_1_South,wall_b1_s,yes,80.47,31.1,24.6864,27.6711
Wall_type2_var1_s_br_24,Wall/Type_2_Variation_1_South,wall_b1_s,yes,80.47,33.81,23.3304,28.3438
Wall_type2_var1_s_br_26,Wall/Type_2_Variation_1_South,wall_b1_s,yes,80.47,36.52,21.9745,29.0164
Wall_type2_var1_s_br_28,Wall/Type_2_Variation_1_South,wall_b1_s,yes,80.47,39.23,20.6186,29.689
Wall_type2_var1_s_br_30,Wall/Type_2_Variation_1_South,wall_b1_s,yes,80.47,41.94,19.2626,30.3617
Wall_type2_var1_s_br_32,Wall/Type_2_Variation_1_South,wall_b1_s,yes,80.47,44.65,17.9067,31.0343
Wall_type2_var1_s_br_34,Wall/Type_2_Variation_1_South,wall_b1_s,yes,80.47,47.37,16.5508,31.7069
Wall_type2_var1_s_br_36,Wall/Type_2_Variation_1_South,wall_b1_s,yes,80.47,50.08,15.1948,32.3795
Wall_type2_var1_s_br_38,Wall/Type_2_Variation_1_South,wall_b1_s,yes,80.47,52.79,13.8389,33.0522
Wall_type2_var1_s_br_4,Wall/Type_2_Variation_1_South,wall_b1_s,yes,80.47,6.69,36.8897,21.6175
Wall_type2_var1_s_br_40,Wall/Type_2_Variation_1_South,wall_b1_s,yes,80.47,55.5,12.483,33.7248
Wall_type2_var1_s_br_42,Wall/Type_2_Variation_1_South,wall_b1_s,yes,80.47,58.21,11.127,34.3974
Wall_type2_var1_s_br_44,Wall/Type_2_Variation_1_South,wall_b1_s,yes,80.47,60.93,9.7711,35.0701
Wall_type2_var1_s_br_46,Wall/Type_2_Variation_1_South,wall_b1_s,yes,80.47,63.64,8.4152,35.7427
Wall_type2_var1_s_br_48,Wall/Type_2_Variation_1_South,wall_b1_s,yes,80.47,66.35,7.0592,36.4153
Wall_type2_var1_s_br_50,Wall/Type_2_Variation_1_South,wall_b1_s,yes,80.47,69.06,5.7033,37.0879
Wall_type2_var1_s_br_52,Wall/Type_2_Variation_1_South,wall_b1_s,yes,80.47,71.77,4.3474,37.7606
Wall_type2_var1_s_br_54,Wall/Type_2_Variation_1_South,wall_b1_s,yes,80.47,74.49,2.9914,38.4332
Wall_type2_var1_s_br_58,Wall/Type_2_Variation_1_South,wall_b1_s,yes,80.53,80.23,0.146,39.8738
Wall_type2_var1_s_br_6,Wall/Type_2_Variation_1_South,wall_b1_s,yes,80.47,9.4,35.5338,22.2901
Wall_type2_var1_s_br_8,Wall/Type_2_Variation_1_South,wall_b1_s,yes,80.47,12.11,34.1779,22.9628
Wall_type2_var1_s_in_e_v_1,Wall/Type_2_Variation_1_South,wall_b1_s,yes,67.82,49.94,8.9406,29.2103
Wall_type2_var1_s_in_e_v_3,Wall/Type_2_Variation_1_South,wall_b1_s,yes,67.83,52.61,7.6073,29.8718
Wall_type2_var1_s_in_e_v_5,Wall/Type_2_Variation_1_South,wall_b1_s,yes,67.82,55.28,6.2739,30.5332
Wall_type2_var1_s_in_e_v_7,Wall/Type_2_Variation_1_South,wall_b1_s,yes,67.82,57.94,4.9406,31.1946
Wall_type2_var1_s_in_w_v_1,Wall/Type_2_Variation_1_South,wall_b1_s,yes,7.82,57.94,-25.0594,16.3127
Wall_type2_var1_s_in_w_v_3,Wall/Type_2_Variation_1_South,wall_b1_s,yes,7.82,55.28,-23.7261,15.6513
Wall_type2_var1_s_in_w_v_5,Wall/Type_2_Variation_1_South,wall_b1_s,yes,7.83,52.61,-22.3927,14.9899
Wall_type2_var1_s_in_w_v_7,Wall/Type_2_Variation_1_South,wall_b1_s,yes,7.82,49.94,-21.0594,14.3284
Wall_type2_var1_s_lt_1,Wall/Type_2_Variation_1_South,wall_b1_s,yes,0.42,78.5,-39.0425,19.574
Wall_type2_var1_s_lt_11,Wall/Type_2_Variation_1_South,wall_b1_s,yes,0.42,64.94,-32.2628,16.2109
Wall_type2_var1_s_lt_13,Wall/Type_2_Variation_1_South,wall_b1_s,yes,0.42,62.23,-30.9069,15.5382
Wall_type2_var1_s_lt_15,Wall/Type_2_Variation_1_South,wall_b1_s,yes,0.42,59.52,-29.5509,14.8656
Wall_type2_var1_s_lt_17,Wall/Type_2_Variation_1_South,wall_b1_s,yes,0.42,56.81,-28.195,14.193
Wall_type2_var1_s_lt_19,Wall/Type_2_Variation_1_South,wall_b1_s,yes,0.42,54.09,-26.8391,13.5204
Wall_type2_var1_s_lt_21,Wall/Type_2_Variation_1_South,wall_b1_s,yes,0.42,51.38,-25.4831,12.8477
Wall_type2_var1_s_lt_23,Wall/Type_2_Variation_1_South,wall_b1_s,yes,0.42,48.67,-24.1272,12.1751
Wall_type2_var1_s_lt_25,Wall/Type_2_Variation_1_South,wall_b1_s,yes,0.42,45.96,-22.7713,11.5025
Wall_type2_var1_s_lt_27,Wall/Type_2_Variation_1_South,wall_b1_s,yes,0.42,43.25,-21.4153,10.8299
Wall_type2_var1_s_lt_29,Wall/Type_2_Variation_1_South,wall_b1_s,yes,0.42,40.54,-20.0594,10.1572
Wall_type2_var1_s_lt_3,Wall/Type_2_Variation_1_South,wall_b1_s,yes,0.42,75.79,-37.6865,18.9014
Wall_type2_var1_s_lt_31,Wall/Type_2_Variation_1_South,wall_b1_s,yes,0.42,37.82,-18.7035,9.4846
Wall_type2_var1_s_lt_33,Wall/Type_2_Variation_1_South,wall_b1_s,yes,0.42,35.11,-17.3475,8.812
Wall_type2_var1_s_lt_35,Wall/Type_2_Variation_1_South,wall_b1_s,yes,0.42,32.4,-15.9916,8.1393
Wall_type2_var1_s_lt_37,Wall/Type_2_Variation_1_South,wall_b1_s,yes,0.42,29.69,-14.6357,7.4667
Wall_type2_var1_s_lt_39,Wall/Type_2_Variation_1_South,wall_b1_s,yes,0.42,26.98,-13.2797,6.7941
Wall_type2_var1_s_lt_41,Wall/Type_2_Variation_1_South,wall_b1_s,yes,0.42,24.26,-11.9238,6.1215
Wall_type2_var1_s_lt_43,Wall/Type_2_Variation_1_South,wall_b1_s,yes,0.42,21.55,-10.5679,5.4488
Wall_type2_var1_s_lt_45,Wall/Type_2_Variation_1_South,wall_b1_s,yes,0.42,18.84,-9.2119,4.7762
Wall_type2_var1_s_lt_47,Wall/Type_2_Variation_1_South,wall_b1_s,yes,0.42,16.13,-7.856,4.1036
Wall_type2_var1_s_lt_49,Wall/Type_2_Variation_1_South,wall_b1_s,yes,0.42,13.42,-6.5001,3.431
Wall_type2_var1_s_lt_5,Wall/Type_2_Variation_1_South,wall_b1_s,yes,0.42,73.08,-36.3306,18.2288
Wall_type2_var1_s_lt_51,Wall/Type_2_Variation_1_South,wall_b1_s,yes,0.42,10.7,-5.1441,2.7583
Wall_type2_var1_s_lt_53,Wall/Type_2_Variation_1_South,wall_b1_s,yes,0.42,7.99,-3.7882,2.0857
Wall_type2_var1_s_lt_55,Wall/Type_2_Variation_1_South,wall_b1_s,yes,0.42,5.28,-2.4323,1.4131
Wall_type2_var1_s_lt_57,Wall/Type_2_Variation_1_South,wall_b1_s,yes,0.42,2.57,-1.0763,0.7404
Wall_type2_var1_s_lt_7,Wall/Type_2_Variation_1_South,wall_b1_s,yes,0.42,70.37,-34.9747,17.5561
Wall_type2_var1_s_lt_9,Wall/Type_2_Variation_1_South,wall_b1_s,yes,0.42,67.65,-33.6187,16.8835
Wall_type2_var1_w_bl_0,Wall/Type_2_Variation_1_West,wall_b1_w,yes,79.75,80.61,-0.4281,39.7735
Wall_type2_var1_w_bl_10,Wall/Type_2_Variation_1_West,wall_b1_w,yes,66.19,80.61,-7.2077,36.4104
Wall_type2_var1_w_bl_12,Wall/Type_2_Variation_1_West,wall_b1_w,yes,63.48,80.61,-8.5637,35.7377
Wall_type2_var1_w_bl_14,Wall/Type_2_Variation_1_West,wall_b1_w,yes,60.77,80.61,-9.9196,35.0651
Wall_type2_var1_w_bl_16,Wall/Type_2_Variation_1_West,wall_b1_w,yes,58.06,80.61,-11.2755,34.3925
Wall_type2_var1_w_bl_18,Wall/Type_2_Variation_1_West,wall_b1_w,yes,55.34,80.61,-12.6315,33.7198
Wall_type2_var1_w_bl_2,Wall/Type_2_Variation_1_West,wall_b1_w,yes,77.04,80.61,-1.784,39.1009
Wall_type2_var1_w_bl_20,Wall/Type_2_Variation_1_West,wall_b1_w,yes,52.63,80.61,-13.9874,33.0472
Wall_type2_var1_w_bl_22,Wall/Type_2_Variation_1_West,wall_b1_w,yes,49.92,80.61,-15.3433,32.3746
Wall_type2_var1_w_bl_24,Wall/Type_2_Variation_1_West,wall_b1_w,yes,47.21,80.61,-16.6993,31.702
Wall_type2_var1_w_bl_26,Wall/Type_2_Variation_1_West,wall_b1_w,yes,44.5,80.61,-18.0552,31.0293
Wall_type2_var1_w_bl_28,Wall/Type_2_Variation_1_West,wall_b1_w,yes,41.78,80.61,-19.4111,30.3567
Wall_type2_var1_w_bl_30,Wall/Type_2_Variation_1_West,wall_b1_w,yes,39.07,80.61,-20.7671,29.6841
Wall_type2_var1_w_bl_32,Wall/Type_2_Variation_1_West,wall_b1_w,yes,36.36,80.61,-22.123,29.0115
Wall_type2_var1_w_bl_34,Wall/Type_2_Variation_1_West,wall_b1_w,yes,33.65,80.61,-23.4789,28.3388
Wall_type2_var1_w_bl_36,Wall/Type_2_Variation_1_West,wall_b1_w,yes,30.94,80.61,-24.8349,27.6662
Wall_type2_var1_w_bl_38,Wall/Type_2_Variation_1_West,wall_b1_w,yes,28.22,80.61,-26.1908,26.9936
Wall_type2_var1_w_bl_4,Wall/Type_2_Variation_1_West,wall_b1_w,yes,74.33,80.61,-3.14,38.4282
Wall_type2_var1_w_bl_40,Wall/Type_2_Variation_1_West,wall_b1_w,yes,25.51,80.61,-27.5467,26.3209
Wall_type2_var1_w_bl_42,Wall/Type_2_Variation_1_West,wall_b1_w,yes,22.8,80.61,-28.9027,25.6483
Wall_type2_var1_w_bl_44,Wall/Type_2_Variation_1_West,wall_b1_w,yes,20.09,80.61,-30.2586,24.9757
Wall_type2_var1_w_bl_46,Wall/Type_2_Variation_1_West,wall_b1_w,yes,17.38,80.61,-31.6145,24.3031
Wall_type2_var1_w_bl_48,Wall/Type_2_Variation_1_West,wall_b1_w,yes,14.67,80.61,-32.9705,23.6304
Wall_type2_var1_w_bl_50,Wall/Type_2_Variation_1_West,wall_b1_w,yes,11.95,80.61,-34.3264,22.9578
Wall_type2_var1_w_bl_52,Wall/Type_2_Variation_1_West,wall_b1_w,yes,9.24,80.61,-35.6823,22.2852
Wall_type2_var1_w_bl_54,Wall/Type_2_Variation_1_West,wall_b1_w,yes,6.53,80.61,-37.0383,21.6125
Wall_type2_var1_w_bl_56,Wall/Type_2_Variation_1_West,wall_b1_w,yes,3.82,80.61,-38.3942,20.9399
Wall_type2_var1_w_bl_58,Wall/Type_2_Variation_1_West,wall_b1_w,yes,1.11,80.61,-39.7501,20.2673
Wall_type2_var1_w_bl_6,Wall/Type_2_Variation_1_West,wall_b1_w,yes,71.61,80.61,-4.4959,37.7556
Wall_type2_var1_w_bl_8,Wall/Type_2_Variation_1_West,wall_b1_w,yes,68.9,80.61,-5.8518,37.083
Wall_type2_var1_w_in_e_n_1,Wall/Type_2_Variation_1_West,wall_b1_w,yes,57.61,47.27,5.1689,26.0123
Wall_type2_var1_w_in_e_n_3,Wall/Type_2_Variation_1_West,wall_b1_w,yes,66.9,47.99,9.4522,28.4957
Wall_type2_var1_w_in_e_n_5,Wall/Type_2_Variation_1_West,wall_b1_w,yes,79.26,28.22,25.5191,26.6588
Wall_type2_var1_w_in_e_n_7,Wall/Type_2_Variation_1_West,wall_b1_w,yes,78.31,36.54,20.8842,28.4872
Wall_type2_var1_w_in_s_0,Wall/Type_2_Variation_1_West,wall_b1_w,yes,55.32,71.52,-8.1003,31.4589
Wall_type2_var1_w_in_s_10,Wall/Type_2_Variation_1_West,wall_b1_w,yes,53.91,71.59,-8.8401,31.1268
Wall_type2_var1_w_in_s_2,Wall/Type_2_Variation_1_West,wall_b1_w,yes,43.13,71.72,-14.2948,28.485
Wall_type2_var1_w_in_s_4,Wall/Type_2_Variation_1_West,wall_b1_w,yes,45.85,71.72,-12.9311,29.1613
Wall_type2_var1_w_in_s_6,Wall/Type_2_Variation_1_West,wall_b1_w,yes,48.58,71.72,-11.5674,29.8379
Wall_type2_var1_w_in_s_8,Wall/Type_2_Variation_1_West,wall_b1_w,yes,51.31,71.72,-10.2038,30.5142
Wall_type2_var1_w_in_w_n_1,Wall/Type_2_Variation_1_West,wall_b1_w,yes,9.79,27.96,-9.0891,9.3629
Wall_type2_var1_w_in_w_n_3,Wall/Type_2_Variation_1_West,wall_b1_w,yes,12.45,27.96,-7.7558,10.0243
Wall_type2_var1_w_in_w_n_5,Wall/Type_2_Variation_1_West,wall_b1_w,yes,2.84,27.83,-12.494,7.6052
Wall_type2_var1_w_in_w_n_7,Wall/Type_2_Variation_1_West,wall_b1_w,yes,5.5,27.82,-11.1607,8.2664
Wall_type2_var1_w_tr_1,Wall/Type_2_Variation_1_West,wall_b1_w,yes,2.46,0.61,0.9278,0.7611
Wall_type2_var1_w_tr_11,Wall/Type_2_Variation_1_West,wall_b1_w,yes,16.02,0.61,7.7075,4.1242
Wall_type2_var1_w_tr_13,Wall/Type_2_Variation_1_West,wall_b1_w,yes,18.73,0.61,9.0634,4.7969
Wall_type2_var1_w_tr_15,Wall/Type_2_Variation_1_West,wall_b1_w,yes,21.45,0.61,10.4194,5.4695
Wall_type2_var1_w_tr_17,Wall/Type_2_Variation_1_West,wall_b1_w,yes,24.16,0.61,11.7753,6.1421
Wall_type2_var1_w_tr_19,Wall/Type_2_Variation_1_West,wall_b1_w,yes,26.87,0.61,13.1312,6.8147
Wall_type2_var1_w_tr_21,Wall/Type_2_Variation_1_West,wall_b1_w,yes,29.58,0.61,14.4872,7.4874
Wall_type2_var1_w_tr_23,Wall/Type_2_Variation_1_West,wall_b1_w,yes,32.29,0.61,15.8431,8.16
Wall_type2_var1_w_tr_25,Wall/Type_2_Variation_1_West,wall_b1_w,yes,35.0,0.61,17.199,8.8326
Wall_type2_var1_w_tr_27,Wall/Type_2_Variation_1_West,wall_b1_w,yes,37.72,0.61,18.555,9.5053
Wall_type2_var1_w_tr_29,Wall/Type_2_Variation_1_West,wall_b1_w,yes,40.43,0.61,19.9109,10.1779
Wall_type2_var1_w_tr_3,Wall/Type_2_Variation_1_West,wall_b1_w,yes,5.17,0.61,2.2838,1.4337
Wall_type2_var1_w_tr_31,Wall/Type_2_Variation_1_West,wall_b1_w,yes,43.14,0.61,21.2668,10.8505
Wall_type2_var1_w_tr_33,Wall/Type_2_Variation_1_West,wall_b1_w,yes,45.85,0.61,22.6228,11.5231
Wall_type2_var1_w_tr_35,Wall/Type_2_Variation_1_West,wall_b1_w,yes,48.56,0.61,23.9787,12.1958
Wall_type2_var1_w_tr_37,Wall/Type_2_Variation_1_West,wall_b1_w,yes,51.28,0.61,25.3346,12.8684
Wall_type2_var1_w_tr_39,Wall/Type_2_Variation_1_West,wall_b1_w,yes,53.99,0.61,26.6906,13.541
Wall_type2_var1_w_tr_41,Wall/Type_2_Variation_1_West,wall_b1_w,yes,56.7,0.61,28.0465,14.2136
Wall_type2_var1_w_tr_43,Wall/Type_2_Variation_1_West,wall_b1_w,yes,59.41,0.61,29.4024,14.8863
Wall_type2_var1_w_tr_45,Wall/Type_2_Variation_1_West,wall_b1_w,yes,62.12,0.61,30.7583,15.5589
Wall_type2_var1_w_tr_47,Wall/Type_2_Variation_1_West,wall_b1_w,yes,64.83,0.61,32.1143,16.2315
Wall_type2_var1_w_tr_49,Wall/Type_2_Variation_1_West,wall_b1_w,yes,67.55,0.61,33.4702,16.9042
Wall_type2_var1_w_tr_5,Wall/Type_2_Variation_1_West,wall_b1_w,yes,7.89,0.61,3.6397,2.1063
Wall_type2_var1_w_tr_51,Wall/Type_2_Variation_1_West,wall_b1_w,yes,70.26,0.61,34.8261,17.5768
Wall_type2_var1_w_tr_53,Wall/Type_2_Variation_1_West,wall_b1_w,yes,72.97,0.61,36.1821,18.2494
Wall_type2_var1_w_tr_55,Wall/Type_2_Variation_1_West,wall_b1_w,yes,75.68,0.61,37.538,18.922
Wall_type2_var1_w_tr_57,Wall/Type_2_Variation_1_West,wall_b1_w,yes,78.39,0.61,38.8939,19.5947
Wall_type2_var1_w_tr_7,Wall/Type_2_Variation_1_West,wall_b1_w,yes,10.6,0.61,4.9956,2.779
Wall_type2_var1_w_tr_9,Wall/Type_2_Variation_1_West,wall_b1_w,yes,13.31,0.61,6.3516,3.4516
